var	RR	LCI	UCI	P	label	corr
(Intercept)	1.1980604905898696e-20	0	Inf	0.9999813105652219	viremic-tx-prL23I	NA
round17	0.08789720919992788	0	Inf	0.9999990092870669	viremic-tx-prL23I	NA
round18	0.08789720920352535	0	Inf	0.9999990092870669	viremic-tx-prL23I	NA
round19	0.08789720919993144	0	Inf	0.9999990092870669	viremic-tx-prL23I	NA
round20	5478565104633502e3	0	Inf	0.9999824202636417	viremic-tx-prL23I	NA
