var	RR	LCI	UCI	P	label	corr
(Intercept)	0.11057777777777764	0.04582044524698565	0.2668556552072346	9.635478884773008e-7	viremic-tx-rtM41L	NA
round17	0.7079914487201283	0.27107331187158734	1.849137740635562	0.48081603747637036	viremic-tx-rtM41L	NA
round18	0.5289626773027256	0.18499816874281533	1.5124555874293426	0.23479632407072204	viremic-tx-rtM41L	NA
round19	0.3336042029316923	0.0884542143887756	1.2581849828492977	0.10504683827509775	viremic-tx-rtM41L	NA
round20	0.45166293156646903	0.12308300375439903	1.6574132701398743	0.23081991821400782	viremic-tx-rtM41L	NA
