var	RR	LCI	UCI	P	label	corr
(Intercept)	0.015178008548844091	0.005697738512563748	0.04043217199259051	0	viremic-pt-rtM41L	NA
round16	0.6667111629021886	0.19373244747575855	2.294420890924886	0.5202786515626956	viremic-pt-rtM41L	NA
round17	1.5154189905586897	0.5079264542442568	4.521313465278887	0.4560649697373119	viremic-pt-rtM41L	NA
round18	1.421933768848799	0.4475515628017856	4.517682008157838	0.5506105966683541	viremic-pt-rtM41L	NA
round19	2.2426958901782514	0.6796353375496829	7.400564064187934	0.18485649652679403	viremic-pt-rtM41L	NA
round20	1.6316737678447284	0.36460752211255343	7.3019867205338365	0.5219361364293674	viremic-pt-rtM41L	NA
