var	RR	LCI	UCI	P	label	corr
(Intercept)	0.24982222222222242	0.13987512034476227	0.44619187860013526	2.7718414056243645e-6	viremic-tx-rtK103N	NA
round17	1.3120365879983709	0.7099662675848316	2.4246785894524456	0.3860780848051698	viremic-tx-rtK103N	NA
round18	1.0826598622031096	0.5834736900491213	2.008920705793907	0.8011892886599793	viremic-tx-rtK103N	NA
round19	1.0514768619483745	0.5410130618590053	2.0435802185880214	0.882301597829927	viremic-tx-rtK103N	NA
round20	0.365299049919224	0.14965677607541358	0.8916629060928335	0.026979551900648935	viremic-tx-rtK103N	NA
