var	RR	LCI	UCI	P	label	corr
(Intercept)	0.011583776132052193	0.003714653842507517	0.03612284621032775	1.554312234475219e-14	viremic-pt-prL33F	NA
round16	1.240708326098297	0.3690541388656161	4.171087621944175	0.7273560087291295	viremic-pt-prL33F	NA
round17	0.8573902659955105	0.22109081274476391	3.324959816726993	0.8239215115232346	viremic-pt-prL33F	NA
round18	1.4928425142773865	0.39521843249041955	5.63885332571894	0.5545788473904857	viremic-pt-prL33F	NA
round19	1.7625020813237047	0.4214339745104987	7.3710563802515745	0.4375601566908913	viremic-pt-prL33F	NA
round20	3.042625965611754	0.7302477096022064	12.677304762322102	0.1264610899191425	viremic-pt-prL33F	NA
