var	RR	LCI	UCI	P	label	corr
(Intercept)	0.008656224237427875	0.002179088731492347	0.034386033466988694	1.4929724123646793e-11	viremic-pt-rtG190A	NA
round16	1.1979191099386883	0.2991150339803628	4.797519452166718	0.7986528572884427	viremic-pt-rtG190A	NA
round17	0.9787265489536561	0.19893693487493538	4.815122230715653	0.9788967887522623	viremic-pt-rtG190A	NA
round18	0.9861030795652096	0.18203633704669378	5.341786696567961	0.987047585846129	viremic-pt-rtG190A	NA
round19	1.4642926510620942	0.24673083725473371	8.6902512544095	0.674679272746138	viremic-pt-rtG190A	NA
round20	2.7408590102707735	0.4619407324828639	16.262493402140414	0.267066643773207	viremic-pt-rtG190A	NA
