var	RR	LCI	UCI	P	label	corr
(Intercept)	0.019200000000000127	0.0027365320494059375	0.13471064593598728	6.988546858821554e-5	viremic-tx-rtP225H	NA
round17	2.11006921195621	0.25845823235722243	17.22673732865171	0.485795148009172	viremic-tx-rtP225H	NA
round18	3.196359338049721	0.4181809789466493	24.431319290687	0.26280036371904825	viremic-tx-rtP225H	NA
round19	4.41671034241786	0.5679780403109284	34.34521911822856	0.1557773830922221	viremic-tx-rtP225H	NA
round20	1.8486368312757073	0.19468732490604876	17.553572815273252	0.5926147857408846	viremic-tx-rtP225H	NA
