var	RR	LCI	UCI	P	label	corr
(Intercept)	0.1159111111111111	0.04316513241190254	0.31125551870906837	1.9045772110426462e-5	viremic-tx-rtT215Y	NA
round17	0.36945067410222704	0.0991250465874585	1.376985991872002	0.13796864994614966	viremic-tx-rtT215Y	NA
round18	0.23852303881007295	0.06424250862859425	0.8856011581382807	0.03223532451291411	viremic-tx-rtT215Y	NA
round19	0.1763441949299687	0.031622429697341484	0.9833929708479409	0.047808948566674614	viremic-tx-rtT215Y	NA
round20	0.33526406705087686	0.07583198289976523	1.4822505011383909	0.14958073755770573	viremic-tx-rtT215Y	NA
