var	RR	LCI	UCI	P	label	corr
(Intercept)	0.4731555555555556	0.33718081295091135	0.6639647665410889	1.497565755015362e-5	viremic-tx-rtM184V	NA
round17	0.8895980438722594	0.6089249599049882	1.299642372657596	0.5452713909353253	viremic-tx-rtM184V	NA
round18	0.7398170869996712	0.5013220554449898	1.0917718785199901	0.12907692316353703	viremic-tx-rtM184V	NA
round19	0.46530468068010733	0.2826717213238638	0.7659359940528246	0.0026247037153922514	viremic-tx-rtM184V	NA
round20	0.10822341392508589	0.039254640722768346	0.29836745683949506	1.7282951314201433e-5	viremic-tx-rtM184V	NA
