var	RR	LCI	UCI	P	label	corr
(Intercept)	0.26591111111111115	0.15697332537725836	0.45045053892060616	8.415152374929846e-7	viremic-tx-rtY181C	NA
round17	0.9154834830033215	0.5144874552526161	1.6290193261182166	0.7639306179735692	viremic-tx-rtY181C	NA
round18	0.5348498366722902	0.2866821075219667	0.9978451402533246	0.049212749084952656	viremic-tx-rtY181C	NA
round19	0.36536150927870864	0.1639154282090153	0.8143774745364332	0.01381446488640048	viremic-tx-rtY181C	NA
round20	0.13638178542908608	0.039605243593848635	0.4696345662601647	0.001588670059389563	viremic-tx-rtY181C	NA
