var	RR	LCI	UCI	P	label	corr
(Intercept)	0.0821333333333334	0.022093273531715363	0.3053365738110559	1.9090048609016197e-4	viremic-tx-inT97A	NA
round17	1.176023639120719	0.2908450930778644	4.75521723655306	0.8200653140606092	viremic-tx-inT97A	NA
round18	1.4101251742391951	0.357090797127066	5.568480126121974	0.6238196303098057	viremic-tx-inT97A	NA
round19	0.5487829780282605	0.11386711052864713	2.6448616775763227	0.45456646546150403	viremic-tx-inT97A	NA
round20	1.2387982913551083	0.2887750940102419	5.314243639757618	0.7731835248023119	viremic-tx-inT97A	NA
