var	RR	LCI	UCI	P	label	corr
(Intercept)	2.3294291510226555e-21	0	Inf	0.9999714507589137	viremic-tx-inE138K	NA
round17	2683060782190420500	0	Inf	0.9999733983550392	viremic-tx-inE138K	NA
round18	0.45206858312385656	0	Inf	0.9999995009576144	viremic-tx-inE138K	NA
round19	0.45206858310896614	0	Inf	0.9999995616760327	viremic-tx-inE138K	NA
round20	5299873150005769e3	0	Inf	0.999974091502275	viremic-tx-inE138K	NA
