var	RR	LCI	UCI	P	label	corr
(Intercept)	0.5107196775159164	0.406742559592165	0.6412768539970264	7.2384562788130324e-9	any_among_viremic_tx	ar1
round17	0.9752266241838604	0.7803320194761557	1.2187978255147198	0.8254610924351715	any_among_viremic_tx	ar1
round18	0.8692350991050729	0.6800042974846372	1.111124827168134	0.2632411954203253	any_among_viremic_tx	ar1
round19	0.8103995363728075	0.6043807372634095	1.0866451692801529	0.16010212846122196	any_among_viremic_tx	ar1
round20	0.5459665509644658	0.38541166911144603	0.7734054224648855	6.589399640989368e-4	any_among_viremic_tx	ar1
