var	RR	LCI	UCI	P	label	corr
(Intercept)	0.4776499268995023	0.39775836445726276	0.5735880701802651	2.55351295663786e-15	any_among_viremic_tx_subtype_bestref_cat	ar1
subtype_bestref_catC	0.6662311133039328	0.35568724017617387	1.2479050305947144	0.2046839535900301	any_among_viremic_tx_subtype_bestref_cat	ar1
subtype_bestref_catD	0.8963780821421091	0.714500016528702	1.1245537404581554	0.3444340097471902	any_among_viremic_tx_subtype_bestref_cat	ar1
subtype_bestref_catother	1.1099136277246022	0.8236249282247785	1.4957151232224268	0.493262226450924	any_among_viremic_tx_subtype_bestref_cat	ar1
