var	RR	LCI	UCI	P	label	corr
(Intercept)	0.46111916245393686	0.36222843561937756	0.5870077030773159	3.267770498638356e-10	any_among_viremic_tx_comm_cat_round	ar1
comm_catinland	1.2267280510235432	0.9972874320097623	1.508954853803161	0.05308195120463299	any_among_viremic_tx_comm_cat_round	ar1
round17	0.9754497609142557	0.7886267322554542	1.2065305386572482	0.8187540766935433	any_among_viremic_tx_comm_cat_round	ar1
round18	0.8703835119486931	0.6875903962129223	1.1017714355008954	0.2484303406478079	any_among_viremic_tx_comm_cat_round	ar1
round19	0.8092302241955671	0.608368105043801	1.0764100719982026	0.1459092636312629	any_among_viremic_tx_comm_cat_round	ar1
round20	0.5520791659533656	0.3922005030697272	0.7771316025710873	6.608470389112275e-4	any_among_viremic_tx_comm_cat_round	ar1
