var	RR	LCI	UCI	P	label	corr
(Intercept)	0.5401699055713162	0.4244848675159661	0.6873826353160866	5.485513188130398e-7	any_among_viremic_tx_age_cat	exchangeable
age_cat(24,34]	0.8096630072913005	0.6194127669570613	1.0583478745465327	0.12234736261441037	any_among_viremic_tx_age_cat	exchangeable
age_cat(34,49]	0.7993990865618521	0.600105683819352	1.064877265498941	0.12593762250451046	any_among_viremic_tx_age_cat	exchangeable
