var	RR	LCI	UCI	P	label	corr
(Intercept)	0.5845839559416658	0.46578281241988473	0.7336861567926295	3.6281267534743478e-6	any_among_viremic_tx_sex_round	ar1
sexM	0.6549133263716055	0.5277907500351954	0.8126543806054188	1.2101601812908314e-4	any_among_viremic_tx_sex_round	ar1
round17	0.9953894160368649	0.804248614079013	1.2319574721217614	0.9661173574540254	any_among_viremic_tx_sex_round	ar1
round18	0.907246744170075	0.7190876491595484	1.1446402337311958	0.41174800917096566	any_among_viremic_tx_sex_round	ar1
round19	0.8491666393598478	0.6402948842141354	1.1261748284725388	0.2563559121691299	any_among_viremic_tx_sex_round	ar1
round20	0.5723807606583173	0.4051449330318773	0.8086482353859686	0.0015528743109463061	any_among_viremic_tx_sex_round	ar1
