sex	fit	se.fit	df	lwr	upr	n	obs	label	corr
F	0.5235022987374729	0.03477840313057617	646	0.45947685437870434	0.5964493187670785	346	177	any_among_viremic_tx_sex	independence
M	0.3411144426528903	0.031742959938226595	646	0.284145955102743	0.409504555306157	302	109	any_among_viremic_tx_sex	independence
