comm_cat	fit	se.fit	df	lwr	upr	n	obs	label	corr
fishing	0.4013293470669198	0.032070101066628554	646	0.34304729152194635	0.4695132385467503	353	147	any_among_viremic_tx_comm_cat	independence
inland	0.4895993276328376	0.03690372834146005	646	0.42224134091651355	0.5677025870991682	295	139	any_among_viremic_tx_comm_cat	independence
