var	RR	LCI	UCI	P	label	corr
(Intercept)	0.5441057174106934	0.41820007054169256	0.7079172209022627	5.831343281581525e-6	any_among_viremic_tx_subtype_bestref_cat_round	ar1
subtype_bestref_catC	0.670929572459999	0.36207960024960606	1.2432252214458932	0.20473908891430348	any_among_viremic_tx_subtype_bestref_cat_round	ar1
subtype_bestref_catD	0.8794454482715459	0.7043646097982977	1.0980453670252095	0.25671609894620673	any_among_viremic_tx_subtype_bestref_cat_round	ar1
subtype_bestref_catother	1.0639877295951068	0.8015995670591071	1.4122635979985194	0.6677057634897703	any_among_viremic_tx_subtype_bestref_cat_round	ar1
round17	0.9917080207521567	0.8018519517911128	1.2265166858137968	0.9387850011158358	any_among_viremic_tx_subtype_bestref_cat_round	ar1
round18	0.8744042989653921	0.6903082287792663	1.1075963550387322	0.26582989956694403	any_among_viremic_tx_subtype_bestref_cat_round	ar1
round19	0.8266299536512773	0.6217033605842991	1.0991046913938298	0.19024064888440873	any_among_viremic_tx_subtype_bestref_cat_round	ar1
round20	0.5460338939753812	0.38782673393271855	0.7687789089383467	5.27531233108669e-4	any_among_viremic_tx_subtype_bestref_cat_round	ar1
