age_cat	fit	se.fit	df	lwr	upr	n	obs	label	corr
(14,24]	0.5401699055713162	0.06642210304448078	645	0.4242925795116667	0.6876941548700866	98	50	any_among_viremic_tx_age_cat	exchangeable
(24,34]	0.4373555901931297	0.032556856745825306	645	0.3778782608427484	0.5061945396027444	296	128	any_among_viremic_tx_age_cat	exchangeable
(34,49]	0.43181132910191206	0.035190973610038985	645	0.36795435167712837	0.5067504245862953	254	108	any_among_viremic_tx_age_cat	exchangeable
