var	RR	LCI	UCI	P	label	corr
(Intercept)	0.5997094105466426	0.44164879135146146	0.8143379629720149	0.001053838797404616	any_among_viremic_tx_age_cat_round	ar1
age_cat(24,34]	0.8315486128472971	0.6383665831387781	1.0831912474621823	0.17145662278901042	any_among_viremic_tx_age_cat_round	ar1
age_cat(34,49]	0.8105321696826076	0.6089840297022431	1.0787842801257215	0.1498438319330414	any_among_viremic_tx_age_cat_round	ar1
round17	0.9781995391403272	0.7913608724826623	1.2091504288965365	0.8384973249530516	any_among_viremic_tx_age_cat_round	ar1
round18	0.8749888294823448	0.6910260899310908	1.1079255369290473	0.26746573938427365	any_among_viremic_tx_age_cat_round	ar1
round19	0.8168186945814396	0.6140574243349911	1.0865315740466461	0.16456236471514696	any_among_viremic_tx_age_cat_round	ar1
round20	0.5471207725995396	0.38736992110500873	0.7727526674141832	6.186783550018449e-4	any_among_viremic_tx_age_cat_round	ar1
