subtype_bestref_cat	fit	se.fit	df	lwr	upr	n	obs	label	corr
A1	0.4776499268995023	0.04460586495626695	644	0.397621305332353	0.5737857846334479	180	81	any_among_viremic_tx_subtype_bestref_cat	ar1
C	0.31822524256779755	0.097696374114256	644	0.17414877607821105	0.5814988039987944	23	6	any_among_viremic_tx_subtype_bestref_cat	ar1
D	0.4281549254094945	0.030484997883073357	644	0.37228929411236655	0.49240373830647977	358	160	any_among_viremic_tx_subtype_bestref_cat	ar1
other	0.5301501631474177	0.06889688228304408	644	0.41074355590238637	0.6842692756743519	87	39	any_among_viremic_tx_subtype_bestref_cat	ar1
