var	RR	LCI	UCI	P	label	corr
(Intercept)	0.2053539978865463	0.19937636486887367	0.21151085022400873	0	hiv_among_par	independence
round16	0.9198118216250516	0.8942279345701865	0.9461276644280344	6.333773172606527e-9	hiv_among_par	independence
round17	0.9115606717251716	0.883767371077351	0.9402280344691731	4.596070635187743e-9	hiv_among_par	independence
round18	0.8946347090879551	0.8658087718252256	0.9244203671182657	2.683353539367772e-11	hiv_among_par	independence
round19	0.8455428715026269	0.8164671255604335	0.8756540528905702	0	hiv_among_par	independence
round20	0.8834180676322224	0.8503316651437063	0.917791861940314	1.9577661714009764e-10	hiv_among_par	independence
