var	RR	LCI	UCI	P	label	corr
(Intercept)	0.009666398052842544	0.003934037584747938	0.023751489227824697	0	insti_among_viremic_pt	NA
round16	2.1655898738071064	0.7408391002141264	6.330361748158786	0.15799179560029863	insti_among_viremic_pt	NA
round17	0.15609142151772082	0.01807788642562646	1.3477533433822588	0.09129043150175686	insti_among_viremic_pt	NA
round18	8.049670827328354e-19	3.261470378108578e-19	1.986748089550914e-18	0	insti_among_viremic_pt	NA
round19	8.049670827341909e-19	3.249430525704061e-19	1.9941094267439254e-18	0	insti_among_viremic_pt	NA
round20	8.049670827351919e-19	3.2298133402492213e-19	2.0062212147442737e-18	0	insti_among_viremic_pt	NA
