var	RR	LCI	UCI	P	label	corr
(Intercept)	0.4154773253205763	0.3125325081236595	0.5523310483504615	1.4824252936307403e-9	multi-class_among_viremic_tx	ar1
round17	0.924759407095367	0.6999599433242023	1.2217555721117583	0.5819970583325913	multi-class_among_viremic_tx	ar1
round18	0.8054317074010249	0.5893130268182999	1.1008075602695728	0.17464326931483598	multi-class_among_viremic_tx	ar1
round19	0.6142594999105911	0.4178241867046215	0.9030466527232185	0.01318805893720243	multi-class_among_viremic_tx	ar1
round20	0.2341081242805091	0.1360574057894774	0.40281977696194615	1.573489991635313e-7	multi-class_among_viremic_tx	ar1
