var	RR	LCI	UCI	P	label	corr
(Intercept)	0.4596265689092698	0.35908788656020785	0.5883144231652787	6.739799829347248e-10	nnrti_among_viremic_tx	ar1
round17	1.0017470454662238	0.7891223308292621	1.2716623315497448	0.9885589637780124	nnrti_among_viremic_tx	ar1
round18	0.9436730373582527	0.7277212533281981	1.2237086622992048	0.6619148712096621	nnrti_among_viremic_tx	ar1
round19	0.8187952445531774	0.605532016978545	1.1071679675141801	0.19406275304876475	nnrti_among_viremic_tx	ar1
round20	0.48403620868653496	0.33942769699008196	0.6902531920560412	6.144952824926886e-5	nnrti_among_viremic_tx	ar1
