var	RR	LCI	UCI	P	label	corr
(Intercept)	0.06202815783413896	0.04729776640605172	0.08134617460084902	0	nnrti_among_viremic_pt_sex_round	ar1
sexM	0.7208722531861622	0.5455486446483806	0.9525398156723969	0.021338229655803564	nnrti_among_viremic_pt_sex_round	ar1
round16	1.1767193718409261	0.8760785629554627	1.5805300330537781	0.27966941942606116	nnrti_among_viremic_pt_sex_round	ar1
round17	1.3383666382432708	0.9709381216928737	1.8448397671723031	0.07509953557013083	nnrti_among_viremic_pt_sex_round	ar1
round18	1.8490537159679845	1.3281303676501617	2.5742952106307078	2.718187671653105e-4	nnrti_among_viremic_pt_sex_round	ar1
round19	2.1524661203210775	1.4706308179684846	3.1504238470469463	7.997861406494611e-5	nnrti_among_viremic_pt_sex_round	ar1
round20	2.7397588798886225	1.6673661105988196	4.501877945229886	6.960593804439252e-5	nnrti_among_viremic_pt_sex_round	ar1
