comm_cat	fit	se.fit	df	lwr	upr	n	obs	label	corr
fishing	0.06581464637360601	0.007194229181887964	3204	0.05311805430349234	0.08154605310906549	1529	110	nnrti_among_viremic_pt_comm_cat	independence
inland	0.07405396294308221	0.0072684023662748275	3204	0.06109015579179506	0.08976879100236211	1677	129	nnrti_among_viremic_pt_comm_cat	independence
