var	RR	LCI	UCI	P	label	corr
(Intercept)	0.05789266513450085	0.04235043087800882	0.07913876215403054	0	nnrti_among_viremic_pt_age_cat_round	ar1
age_cat(24,34]	0.9161581071262738	0.6744272321112849	1.244531118095035	0.5752907527664017	nnrti_among_viremic_pt_age_cat_round	ar1
age_cat(34,49]	0.9400372461145458	0.6540525667395637	1.351068811621202	0.7382890838688847	nnrti_among_viremic_pt_age_cat_round	ar1
round16	1.1624996271819903	0.8672843350950333	1.5582033809594695	0.31376243308556584	nnrti_among_viremic_pt_age_cat_round	ar1
round17	1.3144328530670386	0.9561329604893698	1.8070015328596802	0.09223715810596267	nnrti_among_viremic_pt_age_cat_round	ar1
round18	1.806144475846369	1.2998824582931476	2.50957911372528	4.2702169776454024e-4	nnrti_among_viremic_pt_age_cat_round	ar1
round19	2.1241067692511035	1.4521169618389078	3.1070703571045297	1.0348357976985856e-4	nnrti_among_viremic_pt_age_cat_round	ar1
round20	2.7301679739308082	1.673219372085088	4.4547757994152635	5.8062613223164306e-5	nnrti_among_viremic_pt_age_cat_round	ar1
