var	RR	LCI	UCI	P	label	corr
(Intercept)	0.051340475549584784	0.037438092610506346	0.07040541453540317	0	nnrti_among_viremic_pt_subtype_bestref_cat_round	ar1
subtype_bestref_catC	1.011446606193963	0.394976037452541	2.5900919047632334	0.98107314472082785	nnrti_among_viremic_pt_subtype_bestref_cat_round	ar1
subtype_bestref_catD	1.1225922803939892	0.8202443131836207	1.5363878880292394	0.4701135804641544	nnrti_among_viremic_pt_subtype_bestref_cat_round	ar1
subtype_bestref_catother	1.0360951651017465	0.7237135442707715	1.483312285151287	0.8464212844149068	nnrti_among_viremic_pt_subtype_bestref_cat_round	ar1
round16	1.1589201740578141	0.8594532421809968	1.5627330306298903	0.33356035492428704	nnrti_among_viremic_pt_subtype_bestref_cat_round	ar1
round17	1.3124030549458912	0.950707620795228	1.8117050299760817	0.09839768707203433	nnrti_among_viremic_pt_subtype_bestref_cat_round	ar1
round18	1.80257762693001	1.2888711362331977	2.521032560791808	5.760105690819639e-4	nnrti_among_viremic_pt_subtype_bestref_cat_round	ar1
round19	2.106425485548363	1.4369259374291667	3.0878615317544016	1.347870242754956e-4	nnrti_among_viremic_pt_subtype_bestref_cat_round	ar1
round20	2.7360651728340506	1.6807635083166224	4.453959520749661	5.1537358881414974e-5	nnrti_among_viremic_pt_subtype_bestref_cat_round	ar1
