age_cat	fit	se.fit	df	lwr	upr	n	obs	label	corr
(14,24]	0.07523572785564023	0.01019587467193637	3203	0.05768016474702611	0.09813451072467336	649	53	nnrti_among_viremic_pt_age_cat	exchangeable
(24,34]	0.06757425718060761	0.006472844159783667	3203	0.056003483983544294	0.08153564579754763	1603	117	nnrti_among_viremic_pt_age_cat	exchangeable
(34,49]	0.07047592896127024	0.008937187798290641	3203	0.054961364088635695	0.0903699652531186	954	69	nnrti_among_viremic_pt_age_cat	exchangeable
