sex	fit	se.fit	df	lwr	upr	n	obs	label	corr
F	0.07966721992397711	0.007448064436672421	3204	0.06632404611523435	0.09569479400258557	1566	135	nnrti_among_viremic_pt_sex	ar1
M	0.05885387408157051	0.006432783587072989	3204	0.04750100191152013	0.0729201144190878	1640	104	nnrti_among_viremic_pt_sex	ar1
