subtype_bestref_cat	fit	se.fit	df	lwr	upr	n	obs	label	corr
A1	0.06749424179502145	0.008850333274780783	3202	0.05219258556508967	0.08728198892932147	1010	75	nnrti_among_viremic_pt_subtype_bestref_cat	independence
C	0.06721455634521996	0.024098355097356708	3202	0.03327879984744057	0.13575599496963858	103	8	nnrti_among_viremic_pt_subtype_bestref_cat	independence
D	0.07654789797255712	0.008221581632376984	3202	0.06201202321779594	0.0944910418974277	1439	114	nnrti_among_viremic_pt_subtype_bestref_cat	independence
other	0.06062882085311296	0.009865738898266857	3202	0.04406727350187538	0.08341459831596867	654	42	nnrti_among_viremic_pt_subtype_bestref_cat	independence
