var	RR	LCI	UCI	P	label	corr
(Intercept)	0.018699983855078643	0.011687813810842173	0.02991914500347476	0	nrti_among_viremic_pt	exchangeable
round16	0.9253735163711875	0.43526506120734804	1.9673440878206658	0.8402757869168734	nrti_among_viremic_pt	exchangeable
round17	1.027431579867167	0.4890242490736795	2.158616169459721	0.9430440789967395	nrti_among_viremic_pt	exchangeable
round18	0.9121397757705545	0.40697787462084145	2.044334649194098	0.8232716551536746	nrti_among_viremic_pt	exchangeable
round19	1.046707290267651	0.4472059510284804	2.4498693476234075	0.9162073250020858	nrti_among_viremic_pt	exchangeable
round20	0.5017859388534561	0.10156263340571081	2.4791512388737096	0.3975276066782445	nrti_among_viremic_pt	exchangeable
