var	RR	LCI	UCI	P	label	corr
(Intercept)	0.34052319575863305	0.2536616910736687	0.4571287306288448	7.503997423441433e-13	nrti_among_viremic_tx	ar1
round17	1.143571022974305	0.8618492124610998	1.5173822354052742	0.3525395622005363	nrti_among_viremic_tx	ar1
round18	0.9683205012401772	0.7064337727261534	1.3272929881362039	0.8414093490611583	nrti_among_viremic_tx	ar1
round19	0.7193071234717202	0.47808082217179515	1.0822495148973688	0.11393903004787553	nrti_among_viremic_tx	ar1
round20	0.3625030364131042	0.2078389156232834	0.6322610518566388	3.498529233757486e-4	nrti_among_viremic_tx	ar1
