var	RR	LCI	UCI	P	label	corr
(Intercept)	0.021631263980312364	0.015244575401987086	0.03069364472591135	0	pi_among_viremic_pt	ar1
round16	0.5988998756266646	0.3055524318164216	1.1738772913485853	0.1354184995943407	pi_among_viremic_pt	ar1
round17	0.6576238121897972	0.34925934469059894	1.2382462629372346	0.19425132829754732	pi_among_viremic_pt	ar1
round18	0.764231257156937	0.3690574211384806	1.5825434768767883	0.46907261906944564	pi_among_viremic_pt	ar1
round19	0.3670780503226486	0.08150122139163164	1.6533039962823473	0.19183176008431257	pi_among_viremic_pt	ar1
round20	0.38397530656425805	0.059772005267224884	2.4666570142989817	0.31316771187547066	pi_among_viremic_pt	ar1
