var	RR	LCI	UCI	P	label	corr
(Intercept)	0.022900106893433626	0.003670895640034217	0.14285747870669457	5.271226435610288e-5	single-class_among_viremic_tx	ar1
round17	3.690340152042705	0.5742804045226384	23.7142175329817	0.16893624719066358	single-class_among_viremic_tx	ar1
round18	4.510577925803207	0.695416450170315	29.2563013425414	0.11429547193630374	single-class_among_viremic_tx	ar1
round19	7.804771294859634	1.2019446163871872	50.67991830452387	0.03134445845656875	single-class_among_viremic_tx	ar1
round20	5.616141980066398	0.8344095514553566	37.800443062104215	0.07608406500958231	single-class_among_viremic_tx	ar1
