var	RR	LCI	UCI	P	label	corr
(Intercept)	0.5707055671330746	0.5542097675309046	0.5876923566463884	0	supp_among_plhiv	independence
round17	1.2522769736300257	1.2146859399645904	1.291031341590807	0	supp_among_plhiv	independence
round18	1.4010965127307136	1.3572462418624236	1.4463635097581302	0	supp_among_plhiv	independence
round19	1.5140668996477133	1.4674664331842484	1.562147197898472	0	supp_among_plhiv	independence
round20	1.5820750820234295	1.5333165171795557	1.6323841405970698	0	supp_among_plhiv	independence
