var	RR	LCI	UCI	P	label	corr
(Intercept)	0.9097739615720195	0.8982080809883629	0.9214887715591259	0	supp_among_tx	ar1
round17	1.001277593465092	0.9876878704240611	1.0150542992340292	0.8547013500000792	supp_among_tx	ar1
round18	1.009684112753146	0.9947669632308465	1.0248249542134524	0.20441660679872053	supp_among_tx	ar1
round19	1.0290384224558469	1.0139229002412529	1.0443792862735997	1.498534005178742e-4	supp_among_tx	ar1
round20	1.048342256280739	1.0329613915914053	1.0639521430811771	3.8406788860356755e-10	supp_among_tx	ar1
