var	RR	LCI	UCI	P	label	corr
(Intercept)	0.10684427600048724	0.10241841600191254	0.11146139297697319	0	supp_among_par	independence
round17	1.250442371951044	1.2044442182776125	1.2981972114960638	0	supp_among_par	independence
round18	1.371830378886641	1.3161423602315905	1.42987464373164	0	supp_among_par	independence
round19	1.3993934882608574	1.3390600474419607	1.462445346441247	0	supp_among_par	independence
round20	1.5200156891071266	1.4484764399028303	1.5950882123335104	0	supp_among_par	independence
