var	RR	LCI	UCI	P	label	corr
(Intercept)	0.13384188626907134	0.1173731472499567	0.15262136987699831	0	tx_among_viremic	independence
round17	1.7481865284974005	1.5104898151698656	2.023288146485189	6.827871601444713e-14	tx_among_viremic	independence
round18	2.4596268859104353	2.0993939933020087	2.881671776329206	0	tx_among_viremic	independence
round19	2.8533552940099836	2.401564749896698	3.3901382147639403	0	tx_among_viremic	independence
round20	3.144481306146777	2.599622876097504	3.8035373421354977	0	tx_among_viremic	independence
