var	RR	LCI	UCI	P	label	corr
(Intercept)	0.07279558530001584	0.06899680665780433	0.07680351447935427	0	tx_among_par	independence
round16	1.619814514782842	1.5407640042459136	1.7029207945348668	0	tx_among_par	independence
round17	2.0096824291483637	1.9053617220531265	2.119714812826	0	tx_among_par	independence
round18	2.183347416499191	2.067167223269662	2.3060572398171373	0	tx_among_par	independence
round19	2.183568401956547	2.0639972685432633	2.3100665096268393	0	tx_among_par	independence
round20	2.3525435060078514	2.2188753374020003	2.4942640329401344	0	tx_among_par	independence
