var	RR	LCI	UCI	P	label	corr
(Intercept)	0.35448827901657887	0.33898524016357584	0.37070032872079695	0	tx_among_plhiv	independence
round16	1.7610281545651556	1.6839890006910156	1.8415916967976569	0	tx_among_plhiv	independence
round17	2.2046611832714933	2.1058365882317345	2.308123507866979	0	tx_among_plhiv	independence
round18	2.44049039716578	2.3311073257541897	2.5550060749482766	0	tx_among_plhiv	independence
round19	2.5824455217479465	2.467145838455462	2.703133624630442	0	tx_among_plhiv	independence
round20	2.6630013491966302	2.5445151217221036	2.787004928869733	0	tx_among_plhiv	independence
