var	RR	LCI	UCI	P	label	corr
(Intercept)	0.08037008137331259	0.0764889103622071	0.08444818927822548	0	viremic_among_par	independence
round17	0.6636484017252391	0.6225557906579944	0.7074533844540486	0	viremic_among_par	independence
round18	0.45703072123805816	0.421510469233491	0.4955442282020153	0	viremic_among_par	independence
round19	0.2926189283305635	0.26499764871074305	0.3231192338268328	0	viremic_among_par	independence
round20	0.2173147334948471	0.1918951312859584	0.24610157161080656	0	viremic_among_par	independence
